[
{"type":"header","version":"5.2.0","comment":"Export to JSON plugin for PHPMyAdmin"},
{"type":"database","name":"jptv20_world"},
{"type":"table","name":"city","database":"jptv20_world","data":
[
{"ID":"175","Name":"Antwerpen","CountryCode":"BEL"},
{"ID":"176","Name":"Gent","CountryCode":"BEL"},
{"ID":"177","Name":"Charleroi","CountryCode":"BEL"},
{"ID":"178","Name":"Liège","CountryCode":"BEL"},
{"ID":"179","Name":"Bruxelles [Brussel]","CountryCode":"BEL"},
{"ID":"180","Name":"Brugge","CountryCode":"BEL"},
{"ID":"181","Name":"Schaerbeek","CountryCode":"BEL"},
{"ID":"182","Name":"Namur","CountryCode":"BEL"},
{"ID":"183","Name":"Mons","CountryCode":"BEL"},
{"ID":"456","Name":"London","CountryCode":"GBR"},
{"ID":"457","Name":"Birmingham","CountryCode":"GBR"},
{"ID":"458","Name":"Glasgow","CountryCode":"GBR"},
{"ID":"459","Name":"Liverpool","CountryCode":"GBR"},
{"ID":"460","Name":"Edinburgh","CountryCode":"GBR"},
{"ID":"461","Name":"Sheffield","CountryCode":"GBR"},
{"ID":"462","Name":"Manchester","CountryCode":"GBR"},
{"ID":"463","Name":"Leeds","CountryCode":"GBR"},
{"ID":"464","Name":"Bristol","CountryCode":"GBR"},
{"ID":"465","Name":"Cardiff","CountryCode":"GBR"},
{"ID":"466","Name":"Coventry","CountryCode":"GBR"},
{"ID":"467","Name":"Leicester","CountryCode":"GBR"},
{"ID":"468","Name":"Bradford","CountryCode":"GBR"},
{"ID":"469","Name":"Belfast","CountryCode":"GBR"},
{"ID":"470","Name":"Nottingham","CountryCode":"GBR"},
{"ID":"471","Name":"Kingston upon Hull","CountryCode":"GBR"},
{"ID":"472","Name":"Plymouth","CountryCode":"GBR"},
{"ID":"473","Name":"Stoke-on-Trent","CountryCode":"GBR"},
{"ID":"474","Name":"Wolverhampton","CountryCode":"GBR"},
{"ID":"475","Name":"Derby","CountryCode":"GBR"},
{"ID":"476","Name":"Swansea","CountryCode":"GBR"},
{"ID":"477","Name":"Southampton","CountryCode":"GBR"},
{"ID":"478","Name":"Aberdeen","CountryCode":"BEL"},
{"ID":"479","Name":"Northampton","CountryCode":"GBR"},
{"ID":"480","Name":"Dudley","CountryCode":"GBR"},
{"ID":"481","Name":"Portsmouth","CountryCode":"GBR"},
{"ID":"482","Name":"Newcastle upon Tyne","CountryCode":"GBR"},
{"ID":"483","Name":"Sunderland","CountryCode":"GBR"},
{"ID":"484","Name":"Luton","CountryCode":"GBR"},
{"ID":"485","Name":"Swindon","CountryCode":"GBR"},
{"ID":"486","Name":"Southend-on-Sea","CountryCode":"GBR"},
{"ID":"487","Name":"Walsall","CountryCode":"GBR"},
{"ID":"488","Name":"Bournemouth","CountryCode":"GBR"},
{"ID":"489","Name":"Peterborough","CountryCode":"GBR"},
{"ID":"490","Name":"Brighton","CountryCode":"GBR"},
{"ID":"491","Name":"Blackpool","CountryCode":"GBR"},
{"ID":"492","Name":"Dundee","CountryCode":"GBR"},
{"ID":"493","Name":"West Bromwich","CountryCode":"GBR"},
{"ID":"494","Name":"Reading","CountryCode":"GBR"},
{"ID":"495","Name":"Oldbury\/Smethwick (Warley)","CountryCode":"GBR"},
{"ID":"496","Name":"Middlesbrough","CountryCode":"GBR"},
{"ID":"497","Name":"Huddersfield","CountryCode":"GBR"},
{"ID":"498","Name":"Oxford","CountryCode":"GBR"},
{"ID":"499","Name":"Poole","CountryCode":"GBR"},
{"ID":"500","Name":"Bolton","CountryCode":"GBR"},
{"ID":"501","Name":"Blackburn","CountryCode":"GBR"},
{"ID":"502","Name":"Newport","CountryCode":"GBR"},
{"ID":"503","Name":"Preston","CountryCode":"GBR"},
{"ID":"504","Name":"Stockport","CountryCode":"GBR"},
{"ID":"505","Name":"Norwich","CountryCode":"GBR"},
{"ID":"506","Name":"Rotherham","CountryCode":"GBR"},
{"ID":"507","Name":"Cambridge","CountryCode":"GBR"},
{"ID":"508","Name":"Watford","CountryCode":"GBR"},
{"ID":"509","Name":"Ipswich","CountryCode":"GBR"},
{"ID":"510","Name":"Slough","CountryCode":"GBR"},
{"ID":"511","Name":"Exeter","CountryCode":"GBR"},
{"ID":"512","Name":"Cheltenham","CountryCode":"GBR"},
{"ID":"513","Name":"Gloucester","CountryCode":"GBR"},
{"ID":"514","Name":"Saint Helens","CountryCode":"GBR"},
{"ID":"515","Name":"Sutton Coldfield","CountryCode":"GBR"},
{"ID":"516","Name":"York","CountryCode":"GBR"},
{"ID":"517","Name":"Oldham","CountryCode":"GBR"},
{"ID":"518","Name":"Basildon","CountryCode":"GBR"},
{"ID":"519","Name":"Worthing","CountryCode":"GBR"},
{"ID":"520","Name":"Chelmsford","CountryCode":"GBR"},
{"ID":"521","Name":"Colchester","CountryCode":"GBR"},
{"ID":"522","Name":"Crawley","CountryCode":"GBR"},
{"ID":"523","Name":"Gillingham","CountryCode":"GBR"},
{"ID":"524","Name":"Solihull","CountryCode":"GBR"},
{"ID":"525","Name":"Rochdale","CountryCode":"GBR"},
{"ID":"526","Name":"Birkenhead","CountryCode":"GBR"},
{"ID":"527","Name":"Worcester","CountryCode":"GBR"},
{"ID":"528","Name":"Hartlepool","CountryCode":"GBR"},
{"ID":"529","Name":"Halifax","CountryCode":"GBR"},
{"ID":"530","Name":"Woking\/Byfleet","CountryCode":"GBR"},
{"ID":"531","Name":"Southport","CountryCode":"GBR"},
{"ID":"532","Name":"Maidstone","CountryCode":"GBR"},
{"ID":"533","Name":"Eastbourne","CountryCode":"GBR"},
{"ID":"534","Name":"Grimsby","CountryCode":"GBR"},
{"ID":"535","Name":"Saint Helier","CountryCode":"GBR"},
{"ID":"536","Name":"Douglas","CountryCode":"GBR"},
{"ID":"539","Name":"Sofija","CountryCode":"BGR"},
{"ID":"540","Name":"Plovdiv","CountryCode":"BGR"},
{"ID":"541","Name":"Varna","CountryCode":"BGR"},
{"ID":"542","Name":"Burgas","CountryCode":"BGR"},
{"ID":"543","Name":"Ruse","CountryCode":"BGR"},
{"ID":"544","Name":"Stara Zagora","CountryCode":"BGR"},
{"ID":"545","Name":"Pleven","CountryCode":"BGR"},
{"ID":"546","Name":"Sliven","CountryCode":"BGR"},
{"ID":"547","Name":"Dobric","CountryCode":"BGR"},
{"ID":"548","Name":"Šumen","CountryCode":"BGR"},
{"ID":"653","Name":"Madrid","CountryCode":"ESP"},
{"ID":"654","Name":"Barcelona","CountryCode":"ESP"},
{"ID":"655","Name":"Valencia","CountryCode":"ESP"},
{"ID":"656","Name":"Sevilla","CountryCode":"ESP"},
{"ID":"657","Name":"Zaragoza","CountryCode":"ESP"},
{"ID":"658","Name":"Málaga","CountryCode":"ESP"},
{"ID":"659","Name":"Bilbao","CountryCode":"ESP"},
{"ID":"660","Name":"Las Palmas de Gran Canaria","CountryCode":"ESP"},
{"ID":"661","Name":"Murcia","CountryCode":"ESP"},
{"ID":"662","Name":"Palma de Mallorca","CountryCode":"ESP"},
{"ID":"663","Name":"Valladolid","CountryCode":"ESP"},
{"ID":"664","Name":"Córdoba","CountryCode":"ESP"},
{"ID":"665","Name":"Vigo","CountryCode":"ESP"},
{"ID":"666","Name":"Alicante [Alacant]","CountryCode":"ESP"},
{"ID":"667","Name":"Gijón","CountryCode":"ESP"},
{"ID":"668","Name":"L´Hospitalet de Llobregat","CountryCode":"ESP"},
{"ID":"669","Name":"Granada","CountryCode":"ESP"},
{"ID":"670","Name":"A Coruña (La Coruña)","CountryCode":"ESP"},
{"ID":"671","Name":"Vitoria-Gasteiz","CountryCode":"ESP"},
{"ID":"672","Name":"Santa Cruz de Tenerife","CountryCode":"ESP"},
{"ID":"673","Name":"Badalona","CountryCode":"ESP"},
{"ID":"674","Name":"Oviedo","CountryCode":"ESP"},
{"ID":"675","Name":"Móstoles","CountryCode":"ESP"},
{"ID":"676","Name":"Elche [Elx]","CountryCode":"ESP"},
{"ID":"677","Name":"Sabadell","CountryCode":"ESP"},
{"ID":"678","Name":"Santander","CountryCode":"ESP"},
{"ID":"679","Name":"Jerez de la Frontera","CountryCode":"ESP"},
{"ID":"680","Name":"Pamplona [Iruña]","CountryCode":"ESP"},
{"ID":"681","Name":"Donostia-San Sebastián","CountryCode":"ESP"},
{"ID":"682","Name":"Cartagena","CountryCode":"ESP"},
{"ID":"683","Name":"Leganés","CountryCode":"ESP"},
{"ID":"684","Name":"Fuenlabrada","CountryCode":"ESP"},
{"ID":"685","Name":"Almería","CountryCode":"ESP"},
{"ID":"686","Name":"Terrassa","CountryCode":"ESP"},
{"ID":"687","Name":"Alcalá de Henares","CountryCode":"ESP"},
{"ID":"688","Name":"Burgos","CountryCode":"ESP"},
{"ID":"689","Name":"Salamanca","CountryCode":"ESP"},
{"ID":"690","Name":"Albacete","CountryCode":"ESP"},
{"ID":"691","Name":"Getafe","CountryCode":"ESP"},
{"ID":"692","Name":"Cádiz","CountryCode":"ESP"},
{"ID":"693","Name":"Alcorcón","CountryCode":"ESP"},
{"ID":"694","Name":"Huelva","CountryCode":"ESP"},
{"ID":"695","Name":"León","CountryCode":"ESP"},
{"ID":"696","Name":"Castellón de la Plana [Castell","CountryCode":"ESP"},
{"ID":"697","Name":"Badajoz","CountryCode":"ESP"},
{"ID":"698","Name":"[San Cristóbal de] la Laguna","CountryCode":"ESP"},
{"ID":"699","Name":"Logroño","CountryCode":"ESP"},
{"ID":"700","Name":"Santa Coloma de Gramenet","CountryCode":"ESP"},
{"ID":"701","Name":"Tarragona","CountryCode":"ESP"},
{"ID":"702","Name":"Lleida (Lérida)","CountryCode":"ESP"},
{"ID":"703","Name":"Jaén","CountryCode":"ESP"},
{"ID":"704","Name":"Ourense (Orense)","CountryCode":"ESP"},
{"ID":"705","Name":"Mataró","CountryCode":"ESP"},
{"ID":"706","Name":"Algeciras","CountryCode":"ESP"},
{"ID":"707","Name":"Marbella","CountryCode":"ESP"},
{"ID":"708","Name":"Barakaldo","CountryCode":"ESP"},
{"ID":"709","Name":"Dos Hermanas","CountryCode":"ESP"},
{"ID":"710","Name":"Santiago de Compostela","CountryCode":"ESP"},
{"ID":"711","Name":"Torrejón de Ardoz","CountryCode":"ESP"},
{"ID":"1464","Name":"Roma","CountryCode":"ITA"},
{"ID":"1465","Name":"Milano","CountryCode":"ITA"},
{"ID":"1466","Name":"Napoli","CountryCode":"ITA"},
{"ID":"1467","Name":"Torino","CountryCode":"ITA"},
{"ID":"1468","Name":"Palermo","CountryCode":"ITA"},
{"ID":"1469","Name":"Genova","CountryCode":"ITA"},
{"ID":"1470","Name":"Bologna","CountryCode":"ITA"},
{"ID":"1471","Name":"Firenze","CountryCode":"ITA"},
{"ID":"1472","Name":"Catania","CountryCode":"ITA"},
{"ID":"1473","Name":"Bari","CountryCode":"ITA"},
{"ID":"1474","Name":"Venezia","CountryCode":"ITA"},
{"ID":"1475","Name":"Messina","CountryCode":"ITA"},
{"ID":"1476","Name":"Verona","CountryCode":"ITA"},
{"ID":"1477","Name":"Trieste","CountryCode":"ITA"},
{"ID":"1478","Name":"Padova","CountryCode":"ITA"},
{"ID":"1479","Name":"Taranto","CountryCode":"ITA"},
{"ID":"1480","Name":"Brescia","CountryCode":"ITA"},
{"ID":"1481","Name":"Reggio di Calabria","CountryCode":"ITA"},
{"ID":"1482","Name":"Modena","CountryCode":"ITA"},
{"ID":"1483","Name":"Prato","CountryCode":"ITA"},
{"ID":"1484","Name":"Parma","CountryCode":"ITA"},
{"ID":"1485","Name":"Cagliari","CountryCode":"ITA"},
{"ID":"1486","Name":"Livorno","CountryCode":"ITA"},
{"ID":"1487","Name":"Perugia","CountryCode":"ITA"},
{"ID":"1488","Name":"Foggia","CountryCode":"ITA"},
{"ID":"1489","Name":"Reggio nell´ Emilia","CountryCode":"ITA"},
{"ID":"1490","Name":"Salerno","CountryCode":"ITA"},
{"ID":"1491","Name":"Ravenna","CountryCode":"ITA"},
{"ID":"1492","Name":"Ferrara","CountryCode":"ITA"},
{"ID":"1493","Name":"Rimini","CountryCode":"ITA"},
{"ID":"1494","Name":"Syrakusa","CountryCode":"ITA"},
{"ID":"1495","Name":"Sassari","CountryCode":"ITA"},
{"ID":"1496","Name":"Monza","CountryCode":"ITA"},
{"ID":"1497","Name":"Bergamo","CountryCode":"ITA"},
{"ID":"1498","Name":"Pescara","CountryCode":"ITA"},
{"ID":"1499","Name":"Latina","CountryCode":"ITA"},
{"ID":"1500","Name":"Vicenza","CountryCode":"ITA"},
{"ID":"1501","Name":"Terni","CountryCode":"ITA"},
{"ID":"1502","Name":"Forlì","CountryCode":"ITA"},
{"ID":"1503","Name":"Trento","CountryCode":"ITA"},
{"ID":"1504","Name":"Novara","CountryCode":"ITA"},
{"ID":"1505","Name":"Piacenza","CountryCode":"ITA"},
{"ID":"1506","Name":"Ancona","CountryCode":"ITA"},
{"ID":"1507","Name":"Lecce","CountryCode":"ITA"},
{"ID":"1508","Name":"Bolzano","CountryCode":"ITA"},
{"ID":"1509","Name":"Catanzaro","CountryCode":"ITA"},
{"ID":"1510","Name":"La Spezia","CountryCode":"ITA"},
{"ID":"1511","Name":"Udine","CountryCode":"ITA"},
{"ID":"1512","Name":"Torre del Greco","CountryCode":"ITA"},
{"ID":"1513","Name":"Andria","CountryCode":"ITA"},
{"ID":"1514","Name":"Brindisi","CountryCode":"ITA"},
{"ID":"1515","Name":"Giugliano in Campania","CountryCode":"ITA"},
{"ID":"1516","Name":"Pisa","CountryCode":"ITA"},
{"ID":"1517","Name":"Barletta","CountryCode":"ITA"},
{"ID":"1518","Name":"Arezzo","CountryCode":"ITA"},
{"ID":"1519","Name":"Alessandria","CountryCode":"ITA"},
{"ID":"1520","Name":"Cesena","CountryCode":"ITA"},
{"ID":"1521","Name":"Pesaro","CountryCode":"ITA"},
{"ID":"1532","Name":"Tokyo","CountryCode":"JPN"},
{"ID":"1533","Name":"Jokohama [Yokohama]","CountryCode":"JPN"},
{"ID":"1534","Name":"Osaka","CountryCode":"JPN"},
{"ID":"1535","Name":"Nagoya","CountryCode":"JPN"},
{"ID":"1536","Name":"Sapporo","CountryCode":"JPN"},
{"ID":"1537","Name":"Kioto","CountryCode":"JPN"},
{"ID":"1538","Name":"Kobe","CountryCode":"JPN"},
{"ID":"1539","Name":"Fukuoka","CountryCode":"JPN"},
{"ID":"1540","Name":"Kawasaki","CountryCode":"JPN"},
{"ID":"1541","Name":"Hiroshima","CountryCode":"JPN"},
{"ID":"1542","Name":"Kitakyushu","CountryCode":"JPN"},
{"ID":"1543","Name":"Sendai","CountryCode":"JPN"},
{"ID":"1544","Name":"Chiba","CountryCode":"JPN"},
{"ID":"1545","Name":"Sakai","CountryCode":"JPN"},
{"ID":"1546","Name":"Kumamoto","CountryCode":"JPN"},
{"ID":"1547","Name":"Okayama","CountryCode":"JPN"},
{"ID":"1548","Name":"Sagamihara","CountryCode":"JPN"},
{"ID":"1549","Name":"Hamamatsu","CountryCode":"JPN"},
{"ID":"1550","Name":"Kagoshima","CountryCode":"JPN"},
{"ID":"1551","Name":"Funabashi","CountryCode":"JPN"},
{"ID":"1552","Name":"Higashiosaka","CountryCode":"JPN"},
{"ID":"1553","Name":"Hachioji","CountryCode":"JPN"},
{"ID":"1554","Name":"Niigata","CountryCode":"JPN"},
{"ID":"1555","Name":"Amagasaki","CountryCode":"JPN"},
{"ID":"1556","Name":"Himeji","CountryCode":"JPN"},
{"ID":"1557","Name":"Shizuoka","CountryCode":"JPN"},
{"ID":"1558","Name":"Urawa","CountryCode":"JPN"},
{"ID":"1559","Name":"Matsuyama","CountryCode":"JPN"},
{"ID":"1560","Name":"Matsudo","CountryCode":"JPN"},
{"ID":"1561","Name":"Kanazawa","CountryCode":"JPN"},
{"ID":"1562","Name":"Kawaguchi","CountryCode":"JPN"},
{"ID":"1563","Name":"Ichikawa","CountryCode":"JPN"},
{"ID":"1564","Name":"Omiya","CountryCode":"JPN"},
{"ID":"1565","Name":"Utsunomiya","CountryCode":"JPN"},
{"ID":"1566","Name":"Oita","CountryCode":"JPN"},
{"ID":"1567","Name":"Nagasaki","CountryCode":"JPN"},
{"ID":"1568","Name":"Yokosuka","CountryCode":"JPN"},
{"ID":"1569","Name":"Kurashiki","CountryCode":"JPN"},
{"ID":"1570","Name":"Gifu","CountryCode":"JPN"},
{"ID":"1571","Name":"Hirakata","CountryCode":"JPN"},
{"ID":"1572","Name":"Nishinomiya","CountryCode":"JPN"},
{"ID":"1573","Name":"Toyonaka","CountryCode":"JPN"},
{"ID":"1574","Name":"Wakayama","CountryCode":"JPN"},
{"ID":"1575","Name":"Fukuyama","CountryCode":"JPN"},
{"ID":"1576","Name":"Fujisawa","CountryCode":"JPN"},
{"ID":"1577","Name":"Asahikawa","CountryCode":"JPN"},
{"ID":"1578","Name":"Machida","CountryCode":"JPN"},
{"ID":"1579","Name":"Nara","CountryCode":"JPN"},
{"ID":"1580","Name":"Takatsuki","CountryCode":"JPN"},
{"ID":"1581","Name":"Iwaki","CountryCode":"JPN"},
{"ID":"1582","Name":"Nagano","CountryCode":"JPN"},
{"ID":"1583","Name":"Toyohashi","CountryCode":"JPN"},
{"ID":"1584","Name":"Toyota","CountryCode":"JPN"},
{"ID":"1585","Name":"Suita","CountryCode":"JPN"},
{"ID":"1586","Name":"Takamatsu","CountryCode":"JPN"},
{"ID":"1587","Name":"Koriyama","CountryCode":"JPN"},
{"ID":"1588","Name":"Okazaki","CountryCode":"JPN"},
{"ID":"1589","Name":"Kawagoe","CountryCode":"JPN"},
{"ID":"1590","Name":"Tokorozawa","CountryCode":"JPN"},
{"ID":"1591","Name":"Toyama","CountryCode":"JPN"},
{"ID":"1592","Name":"Kochi","CountryCode":"JPN"},
{"ID":"1593","Name":"Kashiwa","CountryCode":"JPN"},
{"ID":"1594","Name":"Akita","CountryCode":"JPN"},
{"ID":"1595","Name":"Miyazaki","CountryCode":"JPN"},
{"ID":"1596","Name":"Koshigaya","CountryCode":"JPN"},
{"ID":"1597","Name":"Naha","CountryCode":"JPN"},
{"ID":"1598","Name":"Aomori","CountryCode":"JPN"},
{"ID":"1599","Name":"Hakodate","CountryCode":"JPN"},
{"ID":"1600","Name":"Akashi","CountryCode":"JPN"},
{"ID":"1601","Name":"Yokkaichi","CountryCode":"JPN"},
{"ID":"1602","Name":"Fukushima","CountryCode":"JPN"},
{"ID":"1603","Name":"Morioka","CountryCode":"JPN"},
{"ID":"1604","Name":"Maebashi","CountryCode":"JPN"},
{"ID":"1605","Name":"Kasugai","CountryCode":"JPN"},
{"ID":"1606","Name":"Otsu","CountryCode":"JPN"},
{"ID":"1607","Name":"Ichihara","CountryCode":"JPN"},
{"ID":"1608","Name":"Yao","CountryCode":"JPN"},
{"ID":"1609","Name":"Ichinomiya","CountryCode":"JPN"},
{"ID":"1610","Name":"Tokushima","CountryCode":"JPN"},
{"ID":"1611","Name":"Kakogawa","CountryCode":"JPN"},
{"ID":"1612","Name":"Ibaraki","CountryCode":"JPN"},
{"ID":"1613","Name":"Neyagawa","CountryCode":"JPN"},
{"ID":"1614","Name":"Shimonoseki","CountryCode":"JPN"},
{"ID":"1615","Name":"Yamagata","CountryCode":"JPN"},
{"ID":"1616","Name":"Fukui","CountryCode":"JPN"},
{"ID":"1617","Name":"Hiratsuka","CountryCode":"JPN"},
{"ID":"1618","Name":"Mito","CountryCode":"JPN"},
{"ID":"1619","Name":"Sasebo","CountryCode":"JPN"},
{"ID":"1620","Name":"Hachinohe","CountryCode":"JPN"},
{"ID":"1621","Name":"Takasaki","CountryCode":"JPN"},
{"ID":"1622","Name":"Shimizu","CountryCode":"JPN"},
{"ID":"1623","Name":"Kurume","CountryCode":"JPN"},
{"ID":"1624","Name":"Fuji","CountryCode":"JPN"},
{"ID":"1625","Name":"Soka","CountryCode":"JPN"},
{"ID":"1626","Name":"Fuchu","CountryCode":"JPN"},
{"ID":"1627","Name":"Chigasaki","CountryCode":"JPN"},
{"ID":"1628","Name":"Atsugi","CountryCode":"JPN"},
{"ID":"1629","Name":"Numazu","CountryCode":"JPN"},
{"ID":"1630","Name":"Ageo","CountryCode":"JPN"},
{"ID":"1631","Name":"Yamato","CountryCode":"JPN"},
{"ID":"1632","Name":"Matsumoto","CountryCode":"JPN"},
{"ID":"1633","Name":"Kure","CountryCode":"JPN"},
{"ID":"1634","Name":"Takarazuka","CountryCode":"JPN"},
{"ID":"1635","Name":"Kasukabe","CountryCode":"JPN"},
{"ID":"1636","Name":"Chofu","CountryCode":"JPN"},
{"ID":"1637","Name":"Odawara","CountryCode":"JPN"},
{"ID":"1638","Name":"Kofu","CountryCode":"JPN"},
{"ID":"1639","Name":"Kushiro","CountryCode":"JPN"},
{"ID":"1640","Name":"Kishiwada","CountryCode":"JPN"},
{"ID":"1641","Name":"Hitachi","CountryCode":"JPN"},
{"ID":"1642","Name":"Nagaoka","CountryCode":"JPN"},
{"ID":"1643","Name":"Itami","CountryCode":"JPN"},
{"ID":"1644","Name":"Uji","CountryCode":"JPN"},
{"ID":"1645","Name":"Suzuka","CountryCode":"JPN"},
{"ID":"1646","Name":"Hirosaki","CountryCode":"JPN"},
{"ID":"1647","Name":"Ube","CountryCode":"JPN"},
{"ID":"1648","Name":"Kodaira","CountryCode":"JPN"},
{"ID":"1649","Name":"Takaoka","CountryCode":"JPN"},
{"ID":"1650","Name":"Obihiro","CountryCode":"JPN"},
{"ID":"1651","Name":"Tomakomai","CountryCode":"JPN"},
{"ID":"1652","Name":"Saga","CountryCode":"JPN"},
{"ID":"1653","Name":"Sakura","CountryCode":"JPN"},
{"ID":"1654","Name":"Kamakura","CountryCode":"JPN"},
{"ID":"1655","Name":"Mitaka","CountryCode":"JPN"},
{"ID":"1656","Name":"Izumi","CountryCode":"JPN"},
{"ID":"1657","Name":"Hino","CountryCode":"JPN"},
{"ID":"1658","Name":"Hadano","CountryCode":"JPN"},
{"ID":"1659","Name":"Ashikaga","CountryCode":"JPN"},
{"ID":"1660","Name":"Tsu","CountryCode":"JPN"},
{"ID":"1661","Name":"Sayama","CountryCode":"JPN"},
{"ID":"1662","Name":"Yachiyo","CountryCode":"JPN"},
{"ID":"1663","Name":"Tsukuba","CountryCode":"JPN"},
{"ID":"1664","Name":"Tachikawa","CountryCode":"JPN"},
{"ID":"1665","Name":"Kumagaya","CountryCode":"JPN"},
{"ID":"1666","Name":"Moriguchi","CountryCode":"JPN"},
{"ID":"1667","Name":"Otaru","CountryCode":"JPN"},
{"ID":"1668","Name":"Anjo","CountryCode":"JPN"},
{"ID":"1669","Name":"Narashino","CountryCode":"JPN"},
{"ID":"1670","Name":"Oyama","CountryCode":"JPN"},
{"ID":"1671","Name":"Ogaki","CountryCode":"JPN"},
{"ID":"1672","Name":"Matsue","CountryCode":"JPN"},
{"ID":"1673","Name":"Kawanishi","CountryCode":"JPN"},
{"ID":"1674","Name":"Hitachinaka","CountryCode":"JPN"},
{"ID":"1675","Name":"Niiza","CountryCode":"JPN"},
{"ID":"1676","Name":"Nagareyama","CountryCode":"JPN"},
{"ID":"1677","Name":"Tottori","CountryCode":"JPN"},
{"ID":"1678","Name":"Tama","CountryCode":"JPN"},
{"ID":"1679","Name":"Iruma","CountryCode":"JPN"},
{"ID":"1680","Name":"Ota","CountryCode":"JPN"},
{"ID":"1681","Name":"Omuta","CountryCode":"JPN"},
{"ID":"1682","Name":"Komaki","CountryCode":"JPN"},
{"ID":"1683","Name":"Ome","CountryCode":"JPN"},
{"ID":"1684","Name":"Kadoma","CountryCode":"JPN"},
{"ID":"1685","Name":"Yamaguchi","CountryCode":"JPN"},
{"ID":"1686","Name":"Higashimurayama","CountryCode":"JPN"},
{"ID":"1687","Name":"Yonago","CountryCode":"JPN"},
{"ID":"1688","Name":"Matsubara","CountryCode":"JPN"},
{"ID":"1689","Name":"Musashino","CountryCode":"JPN"},
{"ID":"1690","Name":"Tsuchiura","CountryCode":"JPN"},
{"ID":"1691","Name":"Joetsu","CountryCode":"JPN"},
{"ID":"1692","Name":"Miyakonojo","CountryCode":"JPN"},
{"ID":"1693","Name":"Misato","CountryCode":"JPN"},
{"ID":"1694","Name":"Kakamigahara","CountryCode":"JPN"},
{"ID":"1695","Name":"Daito","CountryCode":"JPN"},
{"ID":"1696","Name":"Seto","CountryCode":"JPN"},
{"ID":"1697","Name":"Kariya","CountryCode":"JPN"},
{"ID":"1698","Name":"Urayasu","CountryCode":"JPN"},
{"ID":"1699","Name":"Beppu","CountryCode":"JPN"},
{"ID":"1700","Name":"Niihama","CountryCode":"JPN"},
{"ID":"1701","Name":"Minoo","CountryCode":"JPN"},
{"ID":"1702","Name":"Fujieda","CountryCode":"JPN"},
{"ID":"1703","Name":"Abiko","CountryCode":"JPN"},
{"ID":"1704","Name":"Nobeoka","CountryCode":"JPN"},
{"ID":"1705","Name":"Tondabayashi","CountryCode":"JPN"},
{"ID":"1706","Name":"Ueda","CountryCode":"JPN"},
{"ID":"1707","Name":"Kashihara","CountryCode":"JPN"},
{"ID":"1708","Name":"Matsusaka","CountryCode":"JPN"},
{"ID":"1709","Name":"Isesaki","CountryCode":"JPN"},
{"ID":"1710","Name":"Zama","CountryCode":"JPN"},
{"ID":"1711","Name":"Kisarazu","CountryCode":"JPN"},
{"ID":"1712","Name":"Noda","CountryCode":"JPN"},
{"ID":"1713","Name":"Ishinomaki","CountryCode":"JPN"},
{"ID":"1714","Name":"Fujinomiya","CountryCode":"JPN"},
{"ID":"1715","Name":"Kawachinagano","CountryCode":"JPN"},
{"ID":"1716","Name":"Imabari","CountryCode":"JPN"},
{"ID":"1717","Name":"Aizuwakamatsu","CountryCode":"JPN"},
{"ID":"1718","Name":"Higashihiroshima","CountryCode":"JPN"},
{"ID":"1719","Name":"Habikino","CountryCode":"JPN"},
{"ID":"1720","Name":"Ebetsu","CountryCode":"JPN"},
{"ID":"1721","Name":"Hofu","CountryCode":"JPN"},
{"ID":"1722","Name":"Kiryu","CountryCode":"JPN"},
{"ID":"1723","Name":"Okinawa","CountryCode":"JPN"},
{"ID":"1724","Name":"Yaizu","CountryCode":"JPN"},
{"ID":"1725","Name":"Toyokawa","CountryCode":"JPN"},
{"ID":"1726","Name":"Ebina","CountryCode":"JPN"},
{"ID":"1727","Name":"Asaka","CountryCode":"JPN"},
{"ID":"1728","Name":"Higashikurume","CountryCode":"JPN"},
{"ID":"1729","Name":"Ikoma","CountryCode":"JPN"},
{"ID":"1730","Name":"Kitami","CountryCode":"JPN"},
{"ID":"1731","Name":"Koganei","CountryCode":"JPN"},
{"ID":"1732","Name":"Iwatsuki","CountryCode":"JPN"},
{"ID":"1733","Name":"Mishima","CountryCode":"JPN"},
{"ID":"1734","Name":"Handa","CountryCode":"JPN"},
{"ID":"1735","Name":"Muroran","CountryCode":"JPN"},
{"ID":"1736","Name":"Komatsu","CountryCode":"JPN"},
{"ID":"1737","Name":"Yatsushiro","CountryCode":"JPN"},
{"ID":"1738","Name":"Iida","CountryCode":"JPN"},
{"ID":"1739","Name":"Tokuyama","CountryCode":"JPN"},
{"ID":"1740","Name":"Kokubunji","CountryCode":"JPN"},
{"ID":"1741","Name":"Akishima","CountryCode":"JPN"},
{"ID":"1742","Name":"Iwakuni","CountryCode":"JPN"},
{"ID":"1743","Name":"Kusatsu","CountryCode":"JPN"},
{"ID":"1744","Name":"Kuwana","CountryCode":"JPN"},
{"ID":"1745","Name":"Sanda","CountryCode":"JPN"},
{"ID":"1746","Name":"Hikone","CountryCode":"JPN"},
{"ID":"1747","Name":"Toda","CountryCode":"JPN"},
{"ID":"1748","Name":"Tajimi","CountryCode":"JPN"},
{"ID":"1749","Name":"Ikeda","CountryCode":"JPN"},
{"ID":"1750","Name":"Fukaya","CountryCode":"JPN"},
{"ID":"1751","Name":"Ise","CountryCode":"JPN"},
{"ID":"1752","Name":"Sakata","CountryCode":"JPN"},
{"ID":"1753","Name":"Kasuga","CountryCode":"JPN"},
{"ID":"1754","Name":"Kamagaya","CountryCode":"JPN"},
{"ID":"1755","Name":"Tsuruoka","CountryCode":"JPN"},
{"ID":"1756","Name":"Hoya","CountryCode":"JPN"},
{"ID":"1757","Name":"Nishio","CountryCode":"JPN"},
{"ID":"1758","Name":"Tokai","CountryCode":"JPN"},
{"ID":"1759","Name":"Inazawa","CountryCode":"JPN"},
{"ID":"1760","Name":"Sakado","CountryCode":"JPN"},
{"ID":"1761","Name":"Isehara","CountryCode":"JPN"},
{"ID":"1762","Name":"Takasago","CountryCode":"JPN"},
{"ID":"1763","Name":"Fujimi","CountryCode":"JPN"},
{"ID":"1764","Name":"Urasoe","CountryCode":"JPN"},
{"ID":"1765","Name":"Yonezawa","CountryCode":"JPN"},
{"ID":"1766","Name":"Konan","CountryCode":"JPN"},
{"ID":"1767","Name":"Yamatokoriyama","CountryCode":"JPN"},
{"ID":"1768","Name":"Maizuru","CountryCode":"JPN"},
{"ID":"1769","Name":"Onomichi","CountryCode":"JPN"},
{"ID":"1770","Name":"Higashimatsuyama","CountryCode":"JPN"},
{"ID":"1771","Name":"Kimitsu","CountryCode":"JPN"},
{"ID":"1772","Name":"Isahaya","CountryCode":"JPN"},
{"ID":"1773","Name":"Kanuma","CountryCode":"JPN"},
{"ID":"1774","Name":"Izumisano","CountryCode":"JPN"},
{"ID":"1775","Name":"Kameoka","CountryCode":"JPN"},
{"ID":"1776","Name":"Mobara","CountryCode":"JPN"},
{"ID":"1777","Name":"Narita","CountryCode":"JPN"},
{"ID":"1778","Name":"Kashiwazaki","CountryCode":"JPN"},
{"ID":"1779","Name":"Tsuyama","CountryCode":"JPN"},
{"ID":"1810","Name":"Montréal","CountryCode":"CAN"},
{"ID":"1811","Name":"Calgary","CountryCode":"CAN"},
{"ID":"1812","Name":"Toronto","CountryCode":"CAN"},
{"ID":"1813","Name":"North York","CountryCode":"CAN"},
{"ID":"1814","Name":"Winnipeg","CountryCode":"CAN"},
{"ID":"1815","Name":"Edmonton","CountryCode":"CAN"},
{"ID":"1816","Name":"Mississauga","CountryCode":"CAN"},
{"ID":"1817","Name":"Scarborough","CountryCode":"CAN"},
{"ID":"1818","Name":"Vancouver","CountryCode":"CAN"},
{"ID":"1819","Name":"Etobicoke","CountryCode":"CAN"},
{"ID":"1820","Name":"London","CountryCode":"CAN"},
{"ID":"1821","Name":"Hamilton","CountryCode":"CAN"},
{"ID":"1822","Name":"Ottawa","CountryCode":"CAN"},
{"ID":"1823","Name":"Laval","CountryCode":"CAN"},
{"ID":"1824","Name":"Surrey","CountryCode":"CAN"},
{"ID":"1825","Name":"Brampton","CountryCode":"CAN"},
{"ID":"1826","Name":"Windsor","CountryCode":"CAN"},
{"ID":"1827","Name":"Saskatoon","CountryCode":"CAN"},
{"ID":"1828","Name":"Kitchener","CountryCode":"CAN"},
{"ID":"1829","Name":"Markham","CountryCode":"CAN"},
{"ID":"1830","Name":"Regina","CountryCode":"CAN"},
{"ID":"1831","Name":"Burnaby","CountryCode":"CAN"},
{"ID":"1832","Name":"Québec","CountryCode":"CAN"},
{"ID":"1833","Name":"York","CountryCode":"CAN"},
{"ID":"1834","Name":"Richmond","CountryCode":"CAN"},
{"ID":"1835","Name":"Vaughan","CountryCode":"CAN"},
{"ID":"1836","Name":"Burlington","CountryCode":"CAN"},
{"ID":"1837","Name":"Oshawa","CountryCode":"CAN"},
{"ID":"1838","Name":"Oakville","CountryCode":"CAN"},
{"ID":"1839","Name":"Saint Catharines","CountryCode":"CAN"},
{"ID":"1840","Name":"Longueuil","CountryCode":"CAN"},
{"ID":"1841","Name":"Richmond Hill","CountryCode":"CAN"},
{"ID":"1842","Name":"Thunder Bay","CountryCode":"CAN"},
{"ID":"1843","Name":"Nepean","CountryCode":"CAN"},
{"ID":"1844","Name":"Cape Breton","CountryCode":"CAN"},
{"ID":"1845","Name":"East York","CountryCode":"CAN"},
{"ID":"1846","Name":"Halifax","CountryCode":"CAN"},
{"ID":"1847","Name":"Cambridge","CountryCode":"CAN"},
{"ID":"1848","Name":"Gloucester","CountryCode":"CAN"},
{"ID":"1849","Name":"Abbots","CountryCode":"BEL"},
{"ID":"1850","Name":"Guelph","CountryCode":"CAN"},
{"ID":"1851","Name":"Saint John´s","CountryCode":"CAN"},
{"ID":"1852","Name":"Coquitlam","CountryCode":"CAN"},
{"ID":"1853","Name":"Saanich","CountryCode":"CAN"},
{"ID":"1854","Name":"Gatineau","CountryCode":"CAN"},
{"ID":"1855","Name":"Delta","CountryCode":"CAN"},
{"ID":"1856","Name":"Sudbury","CountryCode":"CAN"},
{"ID":"1857","Name":"Kelowna","CountryCode":"CAN"},
{"ID":"1858","Name":"Barrie","CountryCode":"CAN"},
{"ID":"2434","Name":"Riga","CountryCode":"LVA"},
{"ID":"2435","Name":"Daugavpils","CountryCode":"LVA"},
{"ID":"2436","Name":"Liepaja","CountryCode":"LVA"},
{"ID":"2447","Name":"Vilnius","CountryCode":"LTU"},
{"ID":"2448","Name":"Kaunas","CountryCode":"LTU"},
{"ID":"2449","Name":"Klaipeda","CountryCode":"LTU"},
{"ID":"2450","Name":"Šiauliai","CountryCode":"LTU"},
{"ID":"2451","Name":"Panevezys","CountryCode":"LTU"},
{"ID":"2807","Name":"Oslo","CountryCode":"NOR"},
{"ID":"2808","Name":"Bergen","CountryCode":"NOR"},
{"ID":"2809","Name":"Trondheim","CountryCode":"NOR"},
{"ID":"2810","Name":"Stavanger","CountryCode":"NOR"},
{"ID":"2811","Name":"Bærum","CountryCode":"NOR"},
{"ID":"2974","Name":"Paris","CountryCode":"FRA"},
{"ID":"2975","Name":"Marseille","CountryCode":"FRA"},
{"ID":"2976","Name":"Lyon","CountryCode":"FRA"},
{"ID":"2977","Name":"Toulouse","CountryCode":"FRA"},
{"ID":"2978","Name":"Nice","CountryCode":"FRA"},
{"ID":"2979","Name":"Nantes","CountryCode":"FRA"},
{"ID":"2980","Name":"Strasbourg","CountryCode":"FRA"},
{"ID":"2981","Name":"Montpellier","CountryCode":"FRA"},
{"ID":"2982","Name":"Bordeaux","CountryCode":"FRA"},
{"ID":"2983","Name":"Rennes","CountryCode":"FRA"},
{"ID":"2984","Name":"Le Havre","CountryCode":"FRA"},
{"ID":"2985","Name":"Reims","CountryCode":"FRA"},
{"ID":"2986","Name":"Lille","CountryCode":"FRA"},
{"ID":"2987","Name":"St-Étienne","CountryCode":"FRA"},
{"ID":"2988","Name":"Toulon","CountryCode":"FRA"},
{"ID":"2989","Name":"Grenoble","CountryCode":"FRA"},
{"ID":"2990","Name":"Angers","CountryCode":"FRA"},
{"ID":"2991","Name":"Dijon","CountryCode":"FRA"},
{"ID":"2992","Name":"Brest","CountryCode":"FRA"},
{"ID":"2993","Name":"Le Mans","CountryCode":"FRA"},
{"ID":"2994","Name":"Clermont-Ferrand","CountryCode":"FRA"},
{"ID":"2995","Name":"Amiens","CountryCode":"FRA"},
{"ID":"2996","Name":"Aix-en-Provence","CountryCode":"FRA"},
{"ID":"2997","Name":"Limoges","CountryCode":"FRA"},
{"ID":"2998","Name":"Nîmes","CountryCode":"FRA"},
{"ID":"2999","Name":"Tours","CountryCode":"FRA"},
{"ID":"3000","Name":"Villeurbanne","CountryCode":"FRA"},
{"ID":"3001","Name":"Metz","CountryCode":"FRA"},
{"ID":"3002","Name":"Besançon","CountryCode":"FRA"},
{"ID":"3003","Name":"Caen","CountryCode":"FRA"},
{"ID":"3004","Name":"Orléans","CountryCode":"FRA"},
{"ID":"3005","Name":"Mulhouse","CountryCode":"FRA"},
{"ID":"3006","Name":"Rouen","CountryCode":"FRA"},
{"ID":"3007","Name":"Boulogne-Billancourt","CountryCode":"FRA"},
{"ID":"3008","Name":"Perpignan","CountryCode":"FRA"},
{"ID":"3009","Name":"Nancy","CountryCode":"FRA"},
{"ID":"3010","Name":"Roubaix","CountryCode":"FRA"},
{"ID":"3011","Name":"Argenteuil","CountryCode":"FRA"},
{"ID":"3012","Name":"Tourcoing","CountryCode":"FRA"},
{"ID":"3013","Name":"Montreuil","CountryCode":"FRA"},
{"ID":"3236","Name":"Helsinki [Helsingfors]","CountryCode":"FIN"},
{"ID":"3237","Name":"Espoo","CountryCode":"FIN"},
{"ID":"3238","Name":"Tampere","CountryCode":"FIN"},
{"ID":"3239","Name":"Vantaa","CountryCode":"FIN"},
{"ID":"3240","Name":"Turku [Åbo]","CountryCode":"FIN"},
{"ID":"3241","Name":"Oulu","CountryCode":"FIN"},
{"ID":"3242","Name":"Lahti","CountryCode":"FIN"},
{"ID":"3791","Name":"Tallinn","CountryCode":"EST"},
{"ID":"3792","Name":"Tartu","CountryCode":"EST"},
{"ID":"3793","Name":"New York","CountryCode":"USA"},
{"ID":"3794","Name":"Los Angeles","CountryCode":"USA"},
{"ID":"3795","Name":"Chicago","CountryCode":"USA"},
{"ID":"3796","Name":"Houston","CountryCode":"USA"},
{"ID":"3797","Name":"Philadelphia","CountryCode":"USA"},
{"ID":"3798","Name":"Phoenix","CountryCode":"USA"},
{"ID":"3799","Name":"San Diego","CountryCode":"USA"},
{"ID":"3800","Name":"Dallas","CountryCode":"USA"},
{"ID":"3801","Name":"San Antonio","CountryCode":"USA"},
{"ID":"3802","Name":"Detroit","CountryCode":"USA"},
{"ID":"3803","Name":"San Jose","CountryCode":"USA"},
{"ID":"3804","Name":"Indianapolis","CountryCode":"USA"},
{"ID":"3805","Name":"San Francisco","CountryCode":"USA"},
{"ID":"3806","Name":"Jacksonville","CountryCode":"USA"},
{"ID":"3807","Name":"Columbus","CountryCode":"USA"},
{"ID":"3808","Name":"Austin","CountryCode":"USA"},
{"ID":"3809","Name":"Baltimore","CountryCode":"USA"},
{"ID":"3810","Name":"Memphis","CountryCode":"USA"},
{"ID":"3811","Name":"Milwaukee","CountryCode":"USA"},
{"ID":"3812","Name":"Boston","CountryCode":"USA"},
{"ID":"3813","Name":"Washington","CountryCode":"USA"},
{"ID":"3814","Name":"Nashville-Davidson","CountryCode":"USA"},
{"ID":"3815","Name":"El Paso","CountryCode":"USA"},
{"ID":"3816","Name":"Seattle","CountryCode":"USA"},
{"ID":"3817","Name":"Denver","CountryCode":"USA"},
{"ID":"3818","Name":"Charlotte","CountryCode":"USA"},
{"ID":"3819","Name":"Fort Worth","CountryCode":"USA"},
{"ID":"3820","Name":"Portland","CountryCode":"USA"},
{"ID":"3821","Name":"Oklahoma City","CountryCode":"USA"},
{"ID":"3822","Name":"Tucson","CountryCode":"USA"},
{"ID":"3823","Name":"New Orleans","CountryCode":"USA"},
{"ID":"3824","Name":"Las Vegas","CountryCode":"USA"},
{"ID":"3825","Name":"Cleveland","CountryCode":"USA"},
{"ID":"3826","Name":"Long Beach","CountryCode":"USA"},
{"ID":"3827","Name":"Albuquerque","CountryCode":"USA"},
{"ID":"3828","Name":"Kansas City","CountryCode":"USA"},
{"ID":"3829","Name":"Fresno","CountryCode":"USA"},
{"ID":"3830","Name":"Virginia Beach","CountryCode":"USA"},
{"ID":"3831","Name":"Atlanta","CountryCode":"USA"},
{"ID":"3832","Name":"Sacramento","CountryCode":"USA"},
{"ID":"3833","Name":"Oakland","CountryCode":"USA"},
{"ID":"3834","Name":"Mesa","CountryCode":"USA"},
{"ID":"3835","Name":"Tulsa","CountryCode":"USA"},
{"ID":"3836","Name":"Omaha","CountryCode":"USA"},
{"ID":"3837","Name":"Minneapolis","CountryCode":"USA"},
{"ID":"3838","Name":"Honolulu","CountryCode":"USA"},
{"ID":"3839","Name":"Miami","CountryCode":"USA"},
{"ID":"3840","Name":"Colorado Springs","CountryCode":"USA"},
{"ID":"3841","Name":"Saint Louis","CountryCode":"USA"},
{"ID":"3842","Name":"Wichita","CountryCode":"USA"},
{"ID":"3843","Name":"Santa Ana","CountryCode":"USA"},
{"ID":"3844","Name":"Pittsburgh","CountryCode":"USA"},
{"ID":"3845","Name":"Arlington","CountryCode":"USA"},
{"ID":"3846","Name":"Cincinnati","CountryCode":"USA"},
{"ID":"3847","Name":"Anaheim","CountryCode":"USA"},
{"ID":"3848","Name":"Toledo","CountryCode":"USA"},
{"ID":"3849","Name":"Tampa","CountryCode":"USA"},
{"ID":"3850","Name":"Buffalo","CountryCode":"USA"},
{"ID":"3851","Name":"Saint Paul","CountryCode":"USA"},
{"ID":"3852","Name":"Corpus Christi","CountryCode":"USA"},
{"ID":"3853","Name":"Aurora","CountryCode":"USA"},
{"ID":"3854","Name":"Raleigh","CountryCode":"USA"},
{"ID":"3855","Name":"Newark","CountryCode":"USA"},
{"ID":"3856","Name":"Lexington-Fayette","CountryCode":"USA"},
{"ID":"3857","Name":"Anchorage","CountryCode":"USA"},
{"ID":"3858","Name":"Louisville","CountryCode":"USA"},
{"ID":"3859","Name":"Riverside","CountryCode":"USA"},
{"ID":"3860","Name":"Saint Petersburg","CountryCode":"USA"},
{"ID":"3861","Name":"Bakersfield","CountryCode":"USA"},
{"ID":"3862","Name":"Stockton","CountryCode":"USA"},
{"ID":"3863","Name":"Birmingham","CountryCode":"USA"},
{"ID":"3864","Name":"Jersey City","CountryCode":"USA"},
{"ID":"3865","Name":"Norfolk","CountryCode":"USA"},
{"ID":"3866","Name":"Baton Rouge","CountryCode":"USA"},
{"ID":"3867","Name":"Hialeah","CountryCode":"USA"},
{"ID":"3868","Name":"Lincoln","CountryCode":"USA"},
{"ID":"3869","Name":"Greensboro","CountryCode":"USA"},
{"ID":"3870","Name":"Plano","CountryCode":"USA"},
{"ID":"3871","Name":"Rochester","CountryCode":"USA"},
{"ID":"3872","Name":"Glendale","CountryCode":"USA"},
{"ID":"3873","Name":"Akron","CountryCode":"USA"},
{"ID":"3874","Name":"Garland","CountryCode":"USA"},
{"ID":"3875","Name":"Madison","CountryCode":"USA"},
{"ID":"3876","Name":"Fort Wayne","CountryCode":"USA"},
{"ID":"3877","Name":"Fremont","CountryCode":"USA"},
{"ID":"3878","Name":"Scottsdale","CountryCode":"USA"},
{"ID":"3879","Name":"Montgomery","CountryCode":"USA"},
{"ID":"3880","Name":"Shreveport","CountryCode":"USA"},
{"ID":"3881","Name":"Augusta-Richmond County","CountryCode":"USA"},
{"ID":"3882","Name":"Lubbock","CountryCode":"USA"},
{"ID":"3883","Name":"Chesapeake","CountryCode":"USA"},
{"ID":"3884","Name":"Mobile","CountryCode":"USA"},
{"ID":"3885","Name":"Des Moines","CountryCode":"USA"},
{"ID":"3886","Name":"Grand Rapids","CountryCode":"USA"},
{"ID":"3887","Name":"Richmond","CountryCode":"USA"},
{"ID":"3888","Name":"Yonkers","CountryCode":"USA"},
{"ID":"3889","Name":"Spokane","CountryCode":"USA"},
{"ID":"3890","Name":"Glendale","CountryCode":"USA"},
{"ID":"3891","Name":"Tacoma","CountryCode":"USA"},
{"ID":"3892","Name":"Irving","CountryCode":"USA"},
{"ID":"3893","Name":"Huntington Beach","CountryCode":"USA"},
{"ID":"3894","Name":"Modesto","CountryCode":"USA"},
{"ID":"3895","Name":"Durham","CountryCode":"USA"},
{"ID":"3896","Name":"Columbus","CountryCode":"USA"},
{"ID":"3897","Name":"Orlando","CountryCode":"USA"},
{"ID":"3898","Name":"Boise City","CountryCode":"USA"},
{"ID":"3899","Name":"Winston-Salem","CountryCode":"USA"},
{"ID":"3900","Name":"San Bernardino","CountryCode":"USA"},
{"ID":"3901","Name":"Jackson","CountryCode":"USA"},
{"ID":"3902","Name":"Little Rock","CountryCode":"USA"},
{"ID":"3903","Name":"Salt Lake City","CountryCode":"USA"},
{"ID":"3904","Name":"Reno","CountryCode":"USA"},
{"ID":"3905","Name":"Newport News","CountryCode":"USA"},
{"ID":"3906","Name":"Chandler","CountryCode":"USA"},
{"ID":"3907","Name":"Laredo","CountryCode":"USA"},
{"ID":"3908","Name":"Henderson","CountryCode":"USA"},
{"ID":"3909","Name":"Arlington","CountryCode":"USA"},
{"ID":"3910","Name":"Knoxville","CountryCode":"USA"},
{"ID":"3911","Name":"Amarillo","CountryCode":"USA"},
{"ID":"3912","Name":"Providence","CountryCode":"USA"},
{"ID":"3913","Name":"Chula Vista","CountryCode":"USA"},
{"ID":"3914","Name":"Worcester","CountryCode":"USA"},
{"ID":"3915","Name":"Oxnard","CountryCode":"USA"},
{"ID":"3916","Name":"Dayton","CountryCode":"USA"},
{"ID":"3917","Name":"Garden Grove","CountryCode":"USA"},
{"ID":"3918","Name":"Oceanside","CountryCode":"USA"},
{"ID":"3919","Name":"Tempe","CountryCode":"USA"},
{"ID":"3920","Name":"Huntsville","CountryCode":"USA"},
{"ID":"3921","Name":"Ontario","CountryCode":"USA"},
{"ID":"3922","Name":"Chattanooga","CountryCode":"USA"},
{"ID":"3923","Name":"Fort Lauderdale","CountryCode":"USA"},
{"ID":"3924","Name":"Springfield","CountryCode":"USA"},
{"ID":"3925","Name":"Springfield","CountryCode":"USA"},
{"ID":"3926","Name":"Santa Clarita","CountryCode":"USA"},
{"ID":"3927","Name":"Salinas","CountryCode":"USA"},
{"ID":"3928","Name":"Tallahassee","CountryCode":"USA"},
{"ID":"3929","Name":"Rockford","CountryCode":"USA"},
{"ID":"3930","Name":"Pomona","CountryCode":"USA"},
{"ID":"3931","Name":"Metairie","CountryCode":"USA"},
{"ID":"3932","Name":"Paterson","CountryCode":"USA"},
{"ID":"3933","Name":"Overland Park","CountryCode":"USA"},
{"ID":"3934","Name":"Santa Rosa","CountryCode":"USA"},
{"ID":"3935","Name":"Syracuse","CountryCode":"USA"},
{"ID":"3936","Name":"Kansas City","CountryCode":"USA"},
{"ID":"3937","Name":"Hampton","CountryCode":"USA"},
{"ID":"3938","Name":"Lakewood","CountryCode":"USA"},
{"ID":"3939","Name":"Vancouver","CountryCode":"USA"},
{"ID":"3940","Name":"Irvine","CountryCode":"USA"},
{"ID":"3941","Name":"Aurora","CountryCode":"USA"},
{"ID":"3942","Name":"Moreno Valley","CountryCode":"USA"},
{"ID":"3943","Name":"Pasadena","CountryCode":"USA"},
{"ID":"3944","Name":"Hayward","CountryCode":"USA"},
{"ID":"3945","Name":"Brownsville","CountryCode":"USA"},
{"ID":"3946","Name":"Bridgeport","CountryCode":"USA"},
{"ID":"3947","Name":"Hollywood","CountryCode":"USA"},
{"ID":"3948","Name":"Warren","CountryCode":"USA"},
{"ID":"3949","Name":"Torrance","CountryCode":"USA"},
{"ID":"3950","Name":"Eugene","CountryCode":"USA"},
{"ID":"3951","Name":"Pembroke Pines","CountryCode":"USA"},
{"ID":"3952","Name":"Salem","CountryCode":"USA"},
{"ID":"3953","Name":"Pasadena","CountryCode":"USA"},
{"ID":"3954","Name":"Escondido","CountryCode":"USA"},
{"ID":"3955","Name":"Sunnyvale","CountryCode":"USA"},
{"ID":"3956","Name":"Savannah","CountryCode":"USA"},
{"ID":"3957","Name":"Fontana","CountryCode":"USA"},
{"ID":"3958","Name":"Orange","CountryCode":"USA"},
{"ID":"3959","Name":"Naperville","CountryCode":"USA"},
{"ID":"3960","Name":"Alexandria","CountryCode":"USA"},
{"ID":"3961","Name":"Rancho Cucamonga","CountryCode":"USA"},
{"ID":"3962","Name":"Grand Prairie","CountryCode":"USA"},
{"ID":"3963","Name":"East Los Angeles","CountryCode":"USA"},
{"ID":"3964","Name":"Fullerton","CountryCode":"USA"},
{"ID":"3965","Name":"Corona","CountryCode":"USA"},
{"ID":"3966","Name":"Flint","CountryCode":"USA"},
{"ID":"3967","Name":"Paradise","CountryCode":"USA"},
{"ID":"3968","Name":"Mesquite","CountryCode":"USA"},
{"ID":"3969","Name":"Sterling Heights","CountryCode":"USA"},
{"ID":"3970","Name":"Sioux Falls","CountryCode":"USA"},
{"ID":"3971","Name":"New Haven","CountryCode":"USA"},
{"ID":"3972","Name":"Topeka","CountryCode":"USA"},
{"ID":"3973","Name":"Concord","CountryCode":"USA"},
{"ID":"3974","Name":"Evansville","CountryCode":"USA"},
{"ID":"3975","Name":"Hartford","CountryCode":"USA"},
{"ID":"3976","Name":"Fayetteville","CountryCode":"USA"},
{"ID":"3977","Name":"Cedar Rapids","CountryCode":"USA"},
{"ID":"3978","Name":"Elizabeth","CountryCode":"USA"},
{"ID":"3979","Name":"Lansing","CountryCode":"USA"},
{"ID":"3980","Name":"Lancaster","CountryCode":"USA"},
{"ID":"3981","Name":"Fort Collins","CountryCode":"USA"},
{"ID":"3982","Name":"Coral Springs","CountryCode":"USA"},
{"ID":"3983","Name":"Stamford","CountryCode":"USA"},
{"ID":"3984","Name":"Thousand Oaks","CountryCode":"USA"},
{"ID":"3985","Name":"Vallejo","CountryCode":"USA"},
{"ID":"3986","Name":"Palmdale","CountryCode":"USA"},
{"ID":"3987","Name":"Columbia","CountryCode":"USA"},
{"ID":"3988","Name":"El Monte","CountryCode":"USA"},
{"ID":"3989","Name":"Abilene","CountryCode":"USA"},
{"ID":"3990","Name":"North Las Vegas","CountryCode":"USA"},
{"ID":"3991","Name":"Ann Arbor","CountryCode":"USA"},
{"ID":"3992","Name":"Beaumont","CountryCode":"USA"},
{"ID":"3993","Name":"Waco","CountryCode":"USA"},
{"ID":"3994","Name":"Macon","CountryCode":"USA"},
{"ID":"3995","Name":"Independence","CountryCode":"USA"},
{"ID":"3996","Name":"Peoria","CountryCode":"USA"},
{"ID":"3997","Name":"Inglewood","CountryCode":"USA"},
{"ID":"3998","Name":"Springfield","CountryCode":"USA"},
{"ID":"3999","Name":"Simi Valley","CountryCode":"USA"},
{"ID":"4000","Name":"Lafayette","CountryCode":"USA"},
{"ID":"4001","Name":"Gilbert","CountryCode":"USA"},
{"ID":"4002","Name":"Carrollton","CountryCode":"USA"},
{"ID":"4003","Name":"Bellevue","CountryCode":"USA"},
{"ID":"4004","Name":"West Valley City","CountryCode":"USA"},
{"ID":"4005","Name":"Clarksville","CountryCode":"USA"},
{"ID":"4006","Name":"Costa Mesa","CountryCode":"USA"},
{"ID":"4007","Name":"Peoria","CountryCode":"USA"},
{"ID":"4008","Name":"South Bend","CountryCode":"USA"},
{"ID":"4009","Name":"Downey","CountryCode":"USA"},
{"ID":"4010","Name":"Waterbury","CountryCode":"USA"},
{"ID":"4011","Name":"Manchester","CountryCode":"USA"},
{"ID":"4012","Name":"Allentown","CountryCode":"USA"},
{"ID":"4013","Name":"McAllen","CountryCode":"USA"},
{"ID":"4014","Name":"Joliet","CountryCode":"USA"},
{"ID":"4015","Name":"Lowell","CountryCode":"USA"},
{"ID":"4016","Name":"Provo","CountryCode":"USA"},
{"ID":"4017","Name":"West Covina","CountryCode":"USA"},
{"ID":"4018","Name":"Wichita Falls","CountryCode":"USA"},
{"ID":"4019","Name":"Erie","CountryCode":"USA"},
{"ID":"4020","Name":"Daly City","CountryCode":"USA"},
{"ID":"4021","Name":"Citrus Heights","CountryCode":"USA"},
{"ID":"4022","Name":"Norwalk","CountryCode":"USA"},
{"ID":"4023","Name":"Gary","CountryCode":"USA"},
{"ID":"4024","Name":"Berkeley","CountryCode":"USA"},
{"ID":"4025","Name":"Santa Clara","CountryCode":"USA"},
{"ID":"4026","Name":"Green Bay","CountryCode":"USA"},
{"ID":"4027","Name":"Cape Coral","CountryCode":"USA"},
{"ID":"4028","Name":"Arvada","CountryCode":"USA"},
{"ID":"4029","Name":"Pueblo","CountryCode":"USA"},
{"ID":"4030","Name":"Sandy","CountryCode":"USA"},
{"ID":"4031","Name":"Athens-Clarke County","CountryCode":"USA"},
{"ID":"4032","Name":"Cambridge","CountryCode":"USA"},
{"ID":"4033","Name":"Westminster","CountryCode":"USA"},
{"ID":"4034","Name":"San Buenaventura","CountryCode":"USA"},
{"ID":"4035","Name":"Portsmouth","CountryCode":"USA"},
{"ID":"4036","Name":"Livonia","CountryCode":"USA"},
{"ID":"4037","Name":"Burbank","CountryCode":"USA"},
{"ID":"4038","Name":"Clearwater","CountryCode":"USA"},
{"ID":"4039","Name":"Midland","CountryCode":"USA"},
{"ID":"4040","Name":"Davenport","CountryCode":"USA"},
{"ID":"4041","Name":"Mission Viejo","CountryCode":"USA"},
{"ID":"4042","Name":"Miami Beach","CountryCode":"USA"},
{"ID":"4043","Name":"Sunrise Manor","CountryCode":"USA"},
{"ID":"4044","Name":"New Bedford","CountryCode":"USA"},
{"ID":"4045","Name":"El Cajon","CountryCode":"USA"},
{"ID":"4046","Name":"Norman","CountryCode":"USA"},
{"ID":"4047","Name":"Richmond","CountryCode":"USA"},
{"ID":"4048","Name":"Albany","CountryCode":"USA"},
{"ID":"4049","Name":"Brockton","CountryCode":"USA"},
{"ID":"4050","Name":"Roanoke","CountryCode":"USA"},
{"ID":"4051","Name":"Billings","CountryCode":"USA"},
{"ID":"4052","Name":"Compton","CountryCode":"USA"},
{"ID":"4053","Name":"Gainesville","CountryCode":"USA"},
{"ID":"4054","Name":"Fairfield","CountryCode":"USA"},
{"ID":"4055","Name":"Arden-Arcade","CountryCode":"USA"},
{"ID":"4056","Name":"San Mateo","CountryCode":"USA"},
{"ID":"4057","Name":"Visalia","CountryCode":"USA"},
{"ID":"4058","Name":"Boulder","CountryCode":"USA"},
{"ID":"4059","Name":"Cary","CountryCode":"USA"},
{"ID":"4060","Name":"Santa Monica","CountryCode":"USA"},
{"ID":"4061","Name":"Fall River","CountryCode":"USA"},
{"ID":"4062","Name":"Kenosha","CountryCode":"USA"},
{"ID":"4063","Name":"Elgin","CountryCode":"USA"},
{"ID":"4064","Name":"Odessa","CountryCode":"USA"},
{"ID":"4065","Name":"Carson","CountryCode":"USA"},
{"ID":"4066","Name":"Charleston","CountryCode":"USA"},
{"ID":"4080","Name":"Sadgeee","CountryCode":"FRA"},
{"ID":"4081","Name":"Sadgeee","CountryCode":"FIN"},
{"ID":"4082","Name":"Sadgeee","CountryCode":"BEL"},
{"ID":"4083","Name":"Bulgariaf","CountryCode":"BEL"},
{"ID":"4084","Name":"Sadgeee","CountryCode":"BEL"},
{"ID":"4085","Name":"Sadge","CountryCode":"BEL"},
{"ID":"4086","Name":"Sad","CountryCode":"FIN"}
]
}
]
